DELETE FROM pedidos_itens;
COMMIT;

DELETE FROM pedidos;
COMMIT;

DELETE FROM clientes;
COMMIT;

DELETE FROM produtos;
COMMIT;

----

INSERT INTO CLIENTES (ID, NOME_FANTASIA, RAZAO_SOCIAL, CNPJ, ENDERECO, TELEFONE)
              VALUES (1, 'Doces da Jô', 'Jo Almeida 59788619002', '31483506000122', 'Estrada dos Tijolos Amarelos, 56', '19995874125');
INSERT INTO CLIENTES (ID, NOME_FANTASIA, RAZAO_SOCIAL, CNPJ, ENDERECO, TELEFONE)
              VALUES (2, 'O Pirata', 'Pirata SA', '86134900000147', 'Rua dos Bobos, 0', '43981657582');
INSERT INTO CLIENTES (ID, NOME_FANTASIA, RAZAO_SOCIAL, CNPJ, ENDERECO, TELEFONE)
              VALUES (3, 'Antiguidades Antigas', 'Antiquário LTDA', '63780393000113', 'Avenida Humaitá, 555', '1134415847');
COMMIT;

----

INSERT INTO PRODUTOS (ID, DESCRICAO, MARCA, PRECO)
              VALUES (1, 'Miojo de Tomate', 'Nissin', 3.45);
INSERT INTO PRODUTOS (ID, DESCRICAO, MARCA, PRECO)
              VALUES (2, 'Biscoito Recheado', 'Trakinas', 4.17);
INSERT INTO PRODUTOS (ID, DESCRICAO, MARCA, PRECO)
              VALUES (3, 'Bolinho de Chocolate', 'Ana Maria', 6.30);
COMMIT;

----

INSERT INTO PEDIDOS (ID, ID_CLIENTE, VALOR_TOTAL, DATA_HORA)
              VALUES (1, 1, 64.74, '2023-06-15 14:20:03');
INSERT INTO PEDIDOS (ID, ID_CLIENTE, VALOR_TOTAL, DATA_HORA)
              VALUES (2, 3, 41.36, '2023-06-16 21:43:27');
COMMIT;

----

INSERT INTO PEDIDOS_ITENS (ID, ID_PEDIDO, ID_PRODUTO, QUANTIDADE, PRECO) VALUES (1, 1, 1, 3, 3.45);
INSERT INTO PEDIDOS_ITENS (ID, ID_PEDIDO, ID_PRODUTO, QUANTIDADE, PRECO) VALUES (2, 1, 2, 7, 4.17);
INSERT INTO PEDIDOS_ITENS (ID, ID_PEDIDO, ID_PRODUTO, QUANTIDADE, PRECO) VALUES (3, 1, 3, 4, 6.30);
INSERT INTO PEDIDOS_ITENS (ID, ID_PEDIDO, ID_PRODUTO, QUANTIDADE, PRECO) VALUES (4, 2, 2, 8, 4.17);
INSERT INTO PEDIDOS_ITENS (ID, ID_PEDIDO, ID_PRODUTO, QUANTIDADE, PRECO) VALUES (5, 2, 1, 2, 4.00);
COMMIT;